Workbook

Sheet 基准
A1: =[1]!edb() -> Wind
A2: 指标名称 | B2: 中债国债到期收益率:10年 | C2: 中国:回购定盘利率:7天(FR007) | D2: 中国:存款类机构质押式回购加权利率:1天 | E2: 中国:回购定盘利率:7天(FR007):10日移动平均:算术平均 | F2: 中国:存款类机构质押式回购加权利率:1天:10日移动平均:算术平均 | G2: SHIBOR:3个月
A3: 44200 | B3: 3.178 | C3: 2.02 | D3: 0.862 | E3: 2.289 | F3: 0.8204 | G3: 2.746
A4: 44201 | B4: 3.1305 | C4: 1.82 | D4: 0.7114 | E4: 2.261 | F4: 0.74805 | G4: 2.734
A5: 44202 | B5: 3.1256 | C5: 2 | D5: 0.6004 | E5: 2.251 | F5: 0.71113 | G5: 2.707
A6: 44203 | B6: 3.1256 | C6: 1.85 | D6: 0.9084 | E6: 2.236 | F6: 0.74319 | G6: 2.677
A7: 44204 | B7: 3.1456 | C7: 2.08 | D7: 0.9153 | E7: 2.279 | F7: 0.77426 | G7: 2.645
A8: 44207 | B8: 3.1632 | C8: 2 | D8: 1.2117 | E8: 2.263 | F8: 0.81934 | G8: 2.618
A9: 44208 | B9: 3.1457 | C9: 1.96 | D9: 1.3325 | E9: 2.199 | F9: 0.88774 | G9: 2.599
A10: 44209 | B10: 3.1157 | C10: 1.985 | D10: 1.3946 | E10: 2.1315 | F10: 0.96575 | G10: 2.59
A11: 44210 | B11: 3.1059 | C11: 1.9687 | D11: 1.6684 | E11: 2.02837 | F11: 1.0705 | G11: 2.582
A12: 44211 | B12: 3.1508 | C12: 2 | D12: 1.7537 | E12: 1.96837 | F12: 1.13584 | G12: 2.581
A13: 44214 | B13: 3.1658 | C13: 2.19 | D13: 2.1393 | E13: 1.98537 | F13: 1.26357 | G13: 2.578
A14: 44215 | B14: 3.1609 | C14: 2.46 | D14: 2.2834 | E14: 2.04937 | F14: 1.42077 | G14: 2.573
... A1380: 46216 | B1380: 1.7442 | C1380: 1.425 | D1380: 1.3722 | E1380: 1.4525 | F1380: 1.3739 | G1380: 1.429

Sheet IRS
A1: 日期 | B1: 1YREPO | C1: 2YREPO | D1: 5YREPO
A2: 45659 | B2: 1.4713 | C2: 1.3935 | D2: 1.4088
A3: 45660 | B3: 1.4388 | C3: 1.3763 | D3: 1.3913
A4: 45663 | B4: 1.4578 | C4: 1.3838 | D4: 1.4063
A5: 45664 | B5: 1.4838 | C5: 1.4244 | D5: 1.4498
A6: 45665 | B6: 1.4875 | C6: 1.4287 | D6: 1.4507
A7: 45666 | B7: 1.5226 | C7: 1.4625 | D7: 1.4863
A8: 45667 | B8: 1.5265 | C8: 1.4554 | D8: 1.4734
A9: 45670 | B9: 1.5979 | C9: 1.5213 | D9: 1.5138
A10: 45671 | B10: 1.5541 | C10: 1.4743 | D10: 1.4696
A11: 45672 | B11: 1.5838 | C11: 1.4954 | D11: 1.4844
A12: 45673 | B12: 1.6084 | C12: 1.5219 | D12: 1.4994
A13: 45674 | B13: 1.5905 | C13: 1.5125 | D13: 1.5109
... A362: 46191 | B362: 1.4413 | C362: 1.4438 | D362: 1.5213
A363: =期货!A1324 -> 46195 | B363: 1.4513 | C363: 1.4563 | D363: 1.5388
A364: =期货!A1325 -> 46196 | B364: 1.4563 | C364: 1.4588 | D364: 1.5413
A365: =期货!A1326 -> 46197 | B365: 1.4563 | C365: 1.4588 | D365: 1.5413
A366: =期货!A1327 -> 46198 | B366: 1.4388 | C366: 1.4413 | D366: 1.5388
A367: =期货!A1328 -> 46199 | B367: 1.4338 | C367: 1.4363 | D367: 1.5138
A368: =期货!A1329 -> 46202 | B368: 1.403 | C368: 1.409 | D368: 1.4863
A369: =期货!A1330 -> 46203 | B369: 1.4238 | C369: 1.4238 | D369: 1.4993
A370: =期货!A1331 -> 46204 | B370: 1.43 | C370: 1.43 | D370: 1.5
A371: =期货!A1332 -> 46205 | B371: 1.4363 | C371: 1.4388 | D371: 1.5125
A372: =期货!A1333 -> 46206 | B372: 1.4288 | C372: 1.4275 | D372: 1.5072
A373: =期货!A1334 -> 46209 | B373: 1.4188 | C373: 1.4175 | D373: 1.4975
A374: =期货!A1335 -> 46210 | B374: 1.4188 | C374: 1.4175 | D374: 1.4975
... A378: =期货!A1339 -> 46216 | B378: 1.4263 | C378: 1.4263 | D378: 1.5038

Sheet 期货
A1: =[1]!edb() -> Wind
A2: 指标名称 | B2: 中国:2年期国债期货隐含利率:主连 | C2: 中国:5年期国债期货隐含利率:主连 | D2: 中国:10年期国债期货隐含利率:主连 | E2: 中国:30年期国债期货隐含利率:主连 | F2: 中国:2年期国债期货IRR:主连 | G2: 中国:5年期国债期货IRR:主连 | H2: 中国:10年期国债期货IRR:主连 | I2: 中国:30年期国债期货IRR:主连 | J2: T.CFE | K2: TF.CFE | L2: TS.CFE | M2: TL.CFE
A3: 44200 | B3: 2.8001 | C3: 3.0749 | D3: 3.2696 | E3: 0 | F3: 2.2903 | G3: 1.8172 | H3: 2.7556 | I3: 0 | J3: =价格数据!B5 -> 107.13861 | K3: =价格数据!C5 -> 99.46422 | L3: =价格数据!D5 -> 101.9298 | M3: =价格数据!E5 -> 0
A4: 44201 | B4: 2.7495 | C4: 3.0254 | D4: 3.239 | E4: 0 | F4: 2.2396 | G4: 2.6581 | H4: 3.2737 | I4: 0 | J4: =价格数据!B6 -> 107.39047 | K4: =价格数据!C6 -> 99.588855 | L4: =价格数据!D6 -> 102.01106 | M4: =价格数据!E6 -> 0
A5: 44202 | B5: 2.7495 | C5: 3.0304 | D5: 3.2387 | E5: 0 | F5: 1.841 | G5: 1.8966 | H5: 2.8579 | I5: 0 | J5: =价格数据!B7 -> 107.4288 | K5: =价格数据!C7 -> 99.613782 | L5: =价格数据!D7 -> 102.01614 | M5: =价格数据!E7 -> 0
A6: 44203 | B6: 2.7109 | C6: 3.0147 | D6: 3.2306 | E6: 0 | F6: 1.7273 | G6: 1.6044 | H6: 2.7635 | I6: 0 | J6: =价格数据!B8 -> 107.4507 | K6: =价格数据!C8 -> 99.643695 | L6: =价格数据!D8 -> 102.06693 | M6: =价格数据!E8 -> 0
A7: 44204 | B7: 2.7347 | C7: 3.054 | D7: 3.2649 | E7: 0 | F7: 1.3475 | G7: 1.1025 | H7: 2.3612 | I7: 0 | J7: =价格数据!B9 -> 107.24812 | K7: =价格数据!C9 -> 99.568914 | L7: =价格数据!D9 -> 102.06693 | M7: =价格数据!E9 -> 0
A8: 44207 | B8: 2.7376 | C8: 3.0644 | D8: 3.2753 | E8: 0 | F8: 1.3672 | G8: 1.3536 | H8: 2.5604 | I8: 0 | J8: =价格数据!B10 -> 107.13314 | K8: =价格数据!C10 -> 99.519059 | L8: =价格数据!D10 -> 102.04153 | M8: =价格数据!E10 -> 0
A9: 44208 | B9: 2.699 | C9: 3.0409 | D9: 3.2681 | E9: 0 | F9: 1.4012 | G9: 1.3858 | H9: -0.1812 | I9: 0 | J9: =价格数据!B11 -> 107.27549 | K9: =价格数据!C11 -> 99.678593 | L9: =价格数据!D11 -> 102.14311 | M9: =价格数据!E11 -> 0
A10: 44209 | B10: 2.6249 | C10: 2.9873 | D10: 3.2607 | E10: 0 | F10: 1.5699 | G10: 1.3902 | H10: 0.5337 | I10: 0 | J10: =价格数据!B12 -> 107.35762 | K10: =价格数据!C12 -> 99.793258 | L10: =价格数据!D12 -> 102.23961 | M10: =价格数据!E12 -> 0
A11: 44210 | B11: 2.6664 | C11: 2.9769 | D11: 3.2218 | E11: 0 | F11: 1.634 | G11: 1.6013 | H11: 1.4099 | I11: 0 | J11: =价格数据!B13 -> 107.53283 | K11: =价格数据!C13 -> 99.783287 | L11: =价格数据!D13 -> 102.13803 | M11: =价格数据!E13 -> 0
A12: 44211 | B12: 2.7347 | C12: 3.0383 | D12: 3.2567 | E12: 0 | F12: 1.8169 | G12: 1.607 | H12: 2.6618 | I12: 0 | J12: =价格数据!B14 -> 107.22622 | K12: =价格数据!C14 -> 99.558943 | L12: =价格数据!D14 -> 102.02122 | M12: =价格数据!E14 -> 0
A13: 44214 | B13: 2.7733 | C13: 3.0684 | D13: 3.2687 | E13: 0 | F13: 2.0611 | G13: 2.066 | H13: 0.4723 | I13: 0 | J13: =价格数据!B15 -> 107.12219 | K13: =价格数据!C15 -> 99.449263 | L13: =价格数据!D15 -> 101.96535 | M13: =价格数据!E15 -> 0
A14: 44215 | B14: 2.7614 | C14: 3.0592 | D14: 3.2583 | E14: 0 | F14: 2.0316 | G14: 1.3173 | H14: 2.2847 | I14: 0 | J14: =价格数据!B16 -> 107.16051 | K14: =价格数据!C16 -> 99.474191 | L14: =价格数据!D16 -> 101.98059 | M14: =价格数据!E16 -> 0
... A1339: 46216 | B1339: 1.2232 | C1339: 1.3989 | D1339: 1.5527 | E1339: 2.255 | F1339: 1.3651 | G1339: 1.4175 | H1339: 1.5359 | I1339: 1.2404 | J1339: =价格数据!B1341 -> 125.8644 | K1339: =价格数据!C1341 -> 109.13097 | L1339: =价格数据!D1341 -> 105.52058 | M1339: =价格数据!E1341 -> 116.16246
J1340: =价格数据!B1342 -> 125.8644 | K1340: =价格数据!C1342 -> 109.13097 | L1340: =价格数据!D1342 -> 105.52058 | M1340: =价格数据!E1342 -> 116.16246
J1341: =价格数据!B1343 -> 0 | K1341: =价格数据!C1343 -> 0 | L1341: =价格数据!D1343 -> 0 | M1341: =价格数据!E1343 -> 0
J1342: =价格数据!B1344 -> 0 | K1342: =价格数据!C1344 -> 0 | L1342: =价格数据!D1344 -> 0 | M1342: =价格数据!E1344 -> 0
J1343: =价格数据!B1345 -> 0 | K1343: =价格数据!C1345 -> 0 | L1343: =价格数据!D1345 -> 0 | M1343: =价格数据!E1345 -> 0
J1344: =价格数据!B1346 -> 0 | K1344: =价格数据!C1346 -> 0 | L1344: =价格数据!D1346 -> 0 | M1344: =价格数据!E1346 -> 0
J1345: =价格数据!B1347 -> 0 | K1345: =价格数据!C1347 -> 0 | L1345: =价格数据!D1347 -> 0 | M1345: =价格数据!E1347 -> 0
J1346: =价格数据!B1348 -> 0 | K1346: =价格数据!C1348 -> 0 | L1346: =价格数据!D1348 -> 0 | M1346: =价格数据!E1348 -> 0
J1347: =价格数据!B1349 -> 0 | K1347: =价格数据!C1349 -> 0 | L1347: =价格数据!D1349 -> 0 | M1347: =价格数据!E1349 -> 0
J1348: =价格数据!B1350 -> 0 | K1348: =价格数据!C1350 -> 0 | L1348: =价格数据!D1350 -> 0 | M1348: =价格数据!E1350 -> 0
J1349: =价格数据!B1351 -> 0 | K1349: =价格数据!C1351 -> 0 | L1349: =价格数据!D1351 -> 0 | M1349: =价格数据!E1351 -> 0
J1350: =价格数据!B1352 -> 0 | K1350: =价格数据!C1352 -> 0 | L1350: =价格数据!D1352 -> 0 | M1350: =价格数据!E1352 -> 0

Sheet 债券
A1: =[1]!edb() -> Wind
A2: 指标名称 | B2: 中债国开债到期收益率:10年 | C2: 中债国开债到期收益率:9年 | D2: 中债国开债到期收益率:8年 | E2: 中债国开债到期收益率:7年 | F2: 中债国开债到期收益率:6年 | G2: 中债国开债到期收益率:5年 | H2: 中债国开债到期收益率:4年 | I2: 中债国开债到期收益率:3年 | J2: 中债国开债到期收益率:2年 | K2: 中债国开债到期收益率:1年 | L2: 中债国债到期收益率:30年 | M2: 中债国债到期收益率:10年 | N2: 中债国债到期收益率:9年 | O2: 中债国债到期收益率:8年 | P2: 中债国债到期收益率:7年 | Q2: 中债国债到期收益率:6年 | R2: 中债国债到期收益率:5年 | S2: 中债国债到期收益率:4年 | T2: 中债国债到期收益率:3年 | U2: 中债国债到期收益率:2年 | V2: 中债国债到期收益率:1年 | W2: 财政部-中国地方政府债券收益率曲线:1年 | X2: 财政部-中国地方政府债券收益率曲线:2年 | Y2: 财政部-中国地方政府债券收益率曲线:3年 | Z2: 财政部-中国地方政府债券收益率曲线:5年 | AA2: 财政部-中国地方政府债券收益率曲线:7年 | AB2: 财政部-中国地方政府债券收益率曲线:10年 | AC2: 财政部-中国地方政府债券收益率曲线:15年 | AD2: 财政部-中国地方政府债券收益率曲线:20年 | AE2: 财政部-中国地方政府债券收益率曲线:30年
A3: 44200 | B3: 3.5762 | C3: 3.65 | D3: 3.6395 | E3: 3.4399 | F3: 3.4334 | G3: 3.3195 | H3: 3.2277 | I3: 3.0837 | J3: 2.9092 | K3: 2.5846 | L3: 3.7593 | M3: 3.178 | N3: 3.1848 | O3: 3.2018 | P3: 3.2124 | Q3: 3.1337 | R3: 2.9961 | S3: 2.9429 | T3: 2.8784 | U3: 2.7672 | V3: 2.4952 | W3: 0 | X3: 0 | Y3: 0 | Z3: 0 | AA3: 0 | AB3: 0 | AC3: 0 | AD3: 0 | AE3: 0
A4: 44201 | B4: 3.5214 | C4: 3.62 | D4: 3.62 | E4: 3.4299 | F4: 3.4044 | G4: 3.2715 | H4: 3.2084 | I4: 3.0212 | J4: 2.9227 | K4: 2.5807 | L4: 3.7222 | M4: 3.1305 | N4: 3.1394 | O4: 3.1613 | P4: 3.175 | Q4: 3.0906 | R4: 2.9459 | S4: 2.9 | T4: 2.84 | U4: 2.7167 | V4: 2.4714 | W4: 0 | X4: 0 | Y4: 0 | Z4: 0 | AA4: 0 | AB4: 0 | AC4: 0 | AD4: 0 | AE4: 0
A5: 44202 | B5: 3.5238 | C5: 3.6298 | D5: 3.6097 | E5: 3.4288 | F5: 3.4033 | G5: 3.265 | H5: 3.209 | I5: 3.0157 | J5: 2.8861 | K5: 2.5246 | L5: 3.7197 | M5: 3.1256 | N5: 3.1292 | O5: 3.1389 | P5: 3.145 | Q5: 3.0705 | R5: 2.9335 | S5: 2.8645 | T5: 2.7911 | U5: 2.6993 | V5: 2.4109 | W5: 0 | X5: 0 | Y5: 0 | Z5: 0 | AA5: 0 | AB5: 0 | AC5: 0 | AD5: 0 | AE5: 0
A6: 44203 | B6: 3.5239 | C6: 3.62 | D6: 3.6048 | E6: 3.4189 | F6: 3.3933 | G6: 3.2574 | H6: 3.1889 | I6: 2.9874 | J6: 2.8605 | K6: 2.488 | L6: 3.7198 | M6: 3.1256 | N6: 3.126 | O6: 3.1285 | P6: 3.13 | Q6: 3.0599 | R6: 2.9252 | S6: 2.8524 | T6: 2.768 | U6: 2.6348 | V6: 2.3568 | W6: 0 | X6: 0 | Y6: 0 | Z6: 0 | AA6: 0 | AB6: 0 | AC6: 0 | AD6: 0 | AE6: 0
A7: 44204 | B7: 3.5366 | C7: 3.6349 | D7: 3.615 | E7: 3.4272 | F7: 3.3883 | G7: 3.2709 | H7: 3.2092 | I7: 2.9941 | J7: 2.8466 | K7: 2.4702 | L7: 3.7372 | M7: 3.1456 | N7: 3.1465 | O7: 3.1502 | P7: 3.1525 | Q7: 3.0835 | R7: 2.9471 | S7: 2.8694 | T7: 2.7768 | U7: 2.6197 | V7: 2.3568 | W7: 0 | X7: 0 | Y7: 0 | Z7: 0 | AA7: 0 | AB7: 0 | AC7: 0 | AD7: 0 | AE7: 0
A8: 44207 | B8: 3.5415 | C8: 3.6399 | D8: 3.6204 | E8: 3.4397 | F8: 3.3992 | G8: 3.2859 | H8: 3.2254 | I8: 3.0277 | J8: 2.8532 | K8: 2.4821 | L8: 3.7496 | M8: 3.1632 | N8: 3.164 | O8: 3.1676 | P8: 3.17 | Q8: 3.1035 | R8: 2.9682 | S8: 2.8884 | T8: 2.7939 | U8: 2.6282 | V8: 2.3653 | W8: 0 | X8: 0 | Y8: 0 | Z8: 0 | AA8: 0 | AB8: 0 | AC8: 0 | AD8: 0 | AE8: 0
A9: 44208 | B9: 3.519 | C9: 3.62 | D9: 3.6078 | E9: 3.4321 | F9: 3.3894 | G9: 3.2688 | H9: 3.2206 | I9: 2.9806 | J9: 2.8534 | K9: 2.4544 | L9: 3.7398 | M9: 3.1457 | N9: 3.1455 | O9: 3.1468 | P9: 3.1476 | Q9: 3.0824 | R9: 2.9452 | S9: 2.8525 | T9: 2.7499 | U9: 2.597 | V9: 2.335 | W9: 0 | X9: 0 | Y9: 0 | Z9: 0 | AA9: 0 | AB9: 0 | AC9: 0 | AD9: 0 | AE9: 0
A10: 44209 | B10: 3.509 | C10: 3.6199 | D10: 3.591 | E10: 3.4183 | F10: 3.3797 | G10: 3.236 | H10: 3.1764 | I10: 2.946 | J10: 2.8134 | K10: 2.4134 | L10: 3.7201 | M10: 3.1157 | N10: 3.1148 | O10: 3.1138 | P10: 3.1105 | Q10: 3.0404 | R10: 2.8987 | S10: 2.8023 | T10: 2.6975 | U10: 2.5478 | V10: 2.2914 | W10: 0 | X10: 0 | Y10: 0 | Z10: 0 | AA10: 0 | AB10: 0 | AC10: 0 | AD10: 0 | AE10: 0
A11: 44210 | B11: 3.5066 | C11: 3.5999 | D11: 3.576 | E11: 3.4184 | F11: 3.38 | G11: 3.2351 | H11: 3.1719 | I11: 2.9512 | J11: 2.8137 | K11: 2.4141 | L11: 3.7076 | M11: 3.1059 | N11: 3.1043 | O11: 3.1012 | P11: 3.0918 | Q11: 3.0216 | R11: 2.895 | S11: 2.8175 | T11: 2.7305 | U11: 2.5976 | V11: 2.3405 | W11: 0 | X11: 0 | Y11: 0 | Z11: 0 | AA11: 0 | AB11: 0 | AC11: 0 | AD11: 0 | AE11: 0
A12: 44211 | B12: 3.5467 | C12: 3.6249 | D12: 3.6012 | E12: 3.4471 | F12: 3.4003 | G12: 3.2801 | H12: 3.232 | I12: 2.9904 | J12: 2.9165 | K12: 2.4959 | L12: 3.7423 | M12: 3.1508 | N12: 3.1499 | O12: 3.1494 | P12: 3.1478 | Q12: 3.0877 | R12: 2.9634 | S12: 2.8775 | T12: 2.7875 | U12: 2.681 | V12: 2.3843 | W12: 0 | X12: 0 | Y12: 0 | Z12: 0 | AA12: 0 | AB12: 0 | AC12: 0 | AD12: 0 | AE12: 0
A13: 44214 | B13: 3.5567 | C13: 3.6399 | D13: 3.612 | E13: 3.4671 | F13: 3.4408 | G13: 3.3101 | H13: 3.2866 | I13: 3.0406 | J13: 2.985 | K13: 2.55 | L13: 3.7496 | M13: 3.1658 | N13: 3.1669 | O13: 3.1718 | P13: 3.1749 | Q13: 3.1223 | R13: 3.0078 | S13: 2.9268 | T13: 2.8422 | U13: 2.7428 | V13: 2.45 | W13: 0 | X13: 0 | Y13: 0 | Z13: 0 | AA13: 0 | AB13: 0 | AC13: 0 | AD13: 0 | AE13: 0
A14: 44215 | B14: 3.5442 | C14: 3.6299 | D14: 3.6022 | E14: 3.4648 | F14: 3.4506 | G14: 3.3039 | H14: 3.2722 | I14: 3.0406 | J14: 2.9945 | K14: 2.6006 | L14: 3.7472 | M14: 3.1609 | N14: 3.16 | O14: 3.1601 | P14: 3.1601 | Q14: 3.1076 | R14: 2.993 | S14: 2.9117 | T14: 2.8272 | U14: 2.7234 | V14: 2.4859 | W14: 0 | X14: 0 | Y14: 0 | Z14: 0 | AA14: 0 | AB14: 0 | AC14: 0 | AD14: 0 | AE14: 0
... A1380: 46216 | B1380: 1.7925 | C1380: 1.7738 | D1380: 1.7129 | E1380: 1.6714 | F1380: 1.6186 | G1380: 1.5575 | H1380: 1.5277 | I1380: 1.4803 | J1380: 1.4454 | K1380: 1.3734 | L1380: 2.263 | M1380: 1.7442 | N1380: 1.6888 | O1380: 1.6341 | P1380: 1.5749 | Q1380: 1.5135 | R1380: 1.4492 | S1380: 1.3644 | T1380: 1.2934 | U1380: 1.2666 | V1380: 1.1147 | W1380: 1.22 | X1380: 1.35 | Y1380: 1.39 | Z1380: 1.55 | AA1380: 1.66 | AB1380: 1.83 | AC1380: 2.16 | AD1380: 2.34 | AE1380: 2.4

Sheet 价格数据
A1: 开始日期 | B1: 44197
A2: 截止日期 | B2: 当前日期
A3: 日期 | B3: {=[1]!s_info_name(B4)} -> CFFEX10年期国债期货 | C3: {=[1]!s_info_name(C4)} -> CFFEX5年期国债期货 | D3: {=[1]!s_info_name(D4)} -> CFFEX2年期国债期货 | E3: {=[1]!s_info_name(E4)} -> CFFEX30年期国债期货
A4: Date | B4: T.CFE | C4: TF.CFE | D4: TS.CFE | E4: TL.CFE
A5: 44200 | B5: {=[1]!WSD(B4:E4,"close",B1,B2,"TradingCalendar=CFFEX","PriceAdj=B","rptType=1","Version=1","cols=4;rows=1338")} -> 107.13861 | C5: 99.46422 | D5: 101.9298
A6: 44201 | B6: 107.39047 | C6: 99.588855 | D6: 102.01106
A7: 44202 | B7: 107.4288 | C7: 99.613782 | D7: 102.01614
A8: 44203 | B8: 107.4507 | C8: 99.643695 | D8: 102.06693
A9: 44204 | B9: 107.24812 | C9: 99.568914 | D9: 102.06693
A10: 44207 | B10: 107.13314 | C10: 99.519059 | D10: 102.04153
A11: 44208 | B11: 107.27549 | C11: 99.678593 | D11: 102.14311
A12: 44209 | B12: 107.35762 | C12: 99.793258 | D12: 102.23961
A13: 44210 | B13: 107.53283 | C13: 99.783287 | D13: 102.13803
A14: 44211 | B14: 107.22622 | C14: 99.558943 | D14: 102.02122
A15: 44214 | B15: 107.12219 | C15: 99.449263 | D15: 101.96535
A16: 44215 | B16: 107.16051 | C16: 99.474191 | D16: 101.98059
A17: 44216 | B17: 107.28097 | C17: 99.603812 | D17: 102.04661
... A561: 45036 | B561: 115.12521 | C561: 104.11349 | D561: 104.42914
A562: 45037 | B562: 115.33096 | C562: 104.20612 | D562: 104.46018 | E562: 96.21
A563: 45040 | B563: 115.39954 | C563: 104.24214 | D563: 104.46018 | E563: 96.37
A564: 45041 | B564: 115.39382 | C564: 104.23699 | D564: 104.44466 | E564: 96.4
A565: 45042 | B565: 115.54813 | C565: 104.33477 | D565: 104.47571 | E565: 96.43
A566: 45043 | B566: 115.78817 | C566: 104.46342 | D566: 104.53262 | E566: 96.79
A567: 45044 | B567: 115.73673 | C567: 104.43254 | D567: 104.5378 | E567: 96.64
A568: 45050 | B568: 115.88532 | C568: 104.49429 | D568: 104.56884 | E568: 97.1
A569: 45051 | B569: 116.22252 | C569: 104.72072 | D569: 104.66198 | E569: 97.45
A570: 45054 | B570: 115.99391 | C570: 104.61265 | D570: 104.63094 | E570: 97.1
A571: 45055 | B571: 116.06821 | C571: 104.63838 | D571: 104.63611 | E571: 97.17
A572: 45056 | B572: 116.25109 | C572: 104.78761 | D572: 104.69303 | E572: 97.27
A573: 45057 | B573: 116.39968 | C573: 104.90597 | D573: 104.72925 | E573: 97.45
... A1342: 46217 | B1342: 125.8644 | C1342: 109.13097 | D1342: 105.52058 | E1342: 116.16246
